,T_ID,T_lat,T_lon,subT_ID,subT_lat,subT_lon,EPS
0,Vistara,-8220690.58853872,4970563.447710438,0,-8220690.58853872,-8220690.58853872,5.5409836674214095
