,T_ID,T_lat,T_lon,subT_ID,subT_lat,subT_lon,EPS
0,Vistara,-8233803.630025463,4980313.710634259,0,-8233803.630025463,-8233803.630025463,2.8900865039244343
